{
    "version": "2.0",
    "logging": {
      "applicationInsights": {
        "samplingSettings": {
          "isEnabled": true,
          "excludedTypes": "Request"
        }
      },
      "logLevel": {
        "DurableTask.Core": "Warning",
        "DurableTask.AzureStorage": "Warning",
        "Host.Triggers.DurableTask": "Information"
      }
    },
    "extensionBundle": {
      "id": "Microsoft.Azure.Functions.ExtensionBundle",
      "version": "[3.*, 4.0.0)"
    },
    "functionTimeout": "00:10:00",
    "extensions": {
      "durableTask": {
          "maxConcurrentOrchestratorFunctions": 8,
          "maxConcurrentActivityFunctions": 8
      }
    }
}
